.,.,0.0109,la,0.0894,un,0.0274,il,0.0639,le,0.0255,l',0.0602,dalle,0.0109,si,0.0292,in,0.0255,con,0.0036,era,0.0036,come,0.0018,i,0.0420,gli,0.0365,nel,0.0237,pitagora,0.0109,euclide,0.0219,ha,0.0018,oltre,0.0128,mentre,0.0018,anche,0.0018,ma,0.0055,una,0.0055,isaac,0.0109,questo,0.0128,non,0.0073,all',0.0018,figure,0.0109,tra,0.0255,archimede,0.0109,rené,0.0109,carl,0.0109,alan,0.0109,alcuni,0.0109,software,0.0109,reti,0.0109,intelligenza,0.0109,grafica,0.0109,sulla,0.0018,continua,0.0164,ad,0.0164,dagli,0.0128,questa,0.0128,caratteristiche,0.0128,artropodi,0.0128,sono,0.0128,molluschi,0.0128,echinodermi,0.0128,cnidari,0.0128,nonostante,0.0018,alcune,0.0255,se,0.0055,interazioni,0.0128,impollinano,0.0128,minacce,0.0128,È,0.0146,dobbiamo,0.0128,conclusione,0.0128,lungo,0.0018,continuò,0.0018,indossava,0.0018,aveva,0.0036,lei,0.0036,ho,0.0018,adesso,0.0018,qui,0.0036,ringraziò,0.0018,sapeva,0.0036,chiuse,0.0018,aprì,0.0018,posso,0.0055,sarò,0.0018,chronos,0.0018,elara,0.0091,kael,0.0018,insieme,0.0018,finalmente,0.0018,dopo,0.0018,quando,0.0018,malvius,0.0018,farò,0.0036,bussò,0.0018,entra,0.0018,uscì,0.0018
la,storia,0.0474,matematica,0.1737,contabilità,0.0158,prima,0.0158,scuola,0.0158,geometria,0.0474,cina,0.0158,conservazione,0.0184,traduzione,0.0158,diffusione,0.0158,rivoluzione,0.0316,strada,0.0184,vita,0.0026,teoria,0.0158,comprensione,0.0158,legge,0.0158,scienza,0.0316,sua,0.0632,logica,0.0158,progettazione,0.0158,costruzione,0.0158,creazione,0.0316,connessione,0.0158,loro,0.0447,comunicazione,0.0158,condivisione,0.0158,difesa,0.0184,cattura,0.0184,maggior,0.0184,vista,0.0184,biodiversità,0.0184,perdita,0.0184,caccia,0.0184,natura,0.0184,costa,0.0026,spiaggia,0.0053,giovane,0.0026,sabbia,0.0026,bellezza,0.0053,circondava,0.0026,perla,0.0026,portò,0.0026,barba,0.0026,incuriosiva,0.0026,guardò,0.0026,porta,0.0026,colpirono,0.0026,realtà,0.0026,memoria,0.0026,chiave,0.0158,forza,0.0026,guida,0.0026,cripta,0.0053,battaglia,0.0026,pioggia,0.0026,foresta,0.0026,luce,0.0053,paura,0.0026,raggiunse,0.0026,vecchia,0.0079,tempesta,0.0026,confusione,0.0026,tua,0.0026
storia,della,0.9677,da,0.0323
della,storia,0.0779,matematica,0.3896,scuola,0.0779,geometria,0.0779,vita,0.0909,nostra,0.0779,terra,0.0909,biodiversità,0.0909,chiave,0.0130,casa,0.0130
matematica,la,0.0556,un,0.0556,è,0.1111,l',0.0556,si,0.0556,con,0.1111,risalgono,0.0556,era,0.0556,avvenne,0.0556,assunse,0.0556,ha,0.1111,greca,0.0556,ma,0.0556,alla,0.0556,astratta,0.0556
un,viaggio,0.1106,mondo,0.0433,numero,0.0337,corpo,0.0962,sistema,0.0577,punto,0.0288,valore,0.0288,ruolo,0.0625,periodo,0.0577,impatto,0.0288,ritmo,0.0288,regno,0.0048,gruppo,0.0337,phylum,0.1010,esoscheletro,0.0337,guscio,0.0337,nucleo,0.0337,esempio,0.0144,essere,0.0048,uomo,0.0048,suono,0.0048,gabbiano,0.0048,grido,0.0048,giovane,0.0048,attimo,0.0192,tratto,0.0096,masso,0.0048,paio,0.0048,sorriso,0.0144,percorso,0.0048,viso,0.0048,testo,0.0096,sogno,0.0048,racconto,0.0048,luogo,0.0048,artefatto,0.0048,futuro,0.0096,valoroso,0.0048,mago,0.0048,letto,0.0048,sentiero,0.0048,giardino,0.0048,fuoco,0.0048,po',0.0048,sonno,0.0048
viaggio,.,0.0625,affascinante,0.5938,attraverso,0.0312,era,0.0625,ha,0.0312,da,0.0312,non,0.0312,lungo,0.0312,senza,0.0312,perché,0.0312,straordinario,0.0312,li,0.0312
affascinante,attraverso,0.2308,e,0.2308,che,0.2692,nella,0.2692
attraverso,il,0.4286,procedure,0.4286,parole,0.0714,lande,0.0714
il,tempo,0.0333,che,0.0333,pensiero,0.0286,suo,0.0905,mondo,0.0952,calcolo,0.0286,teorema,0.0571,ruolo,0.0333,medioevo,0.0571,rinascimento,0.0571,padre,0.0286,loro,0.0810,regno,0.1333,phylum,0.0333,cambiamento,0.0333,bracconaggio,0.0333,sole,0.0143,cielo,0.0143,suono,0.0095,giovane,0.0286,richiamo,0.0048,cuore,0.0095,caldo,0.0048,viso,0.0048,testo,0.0095,sogno,0.0048,potere,0.0095,dominio,0.0095,destino,0.0048,guardiano,0.0048,vero,0.0048,vento,0.0048
tempo,.,0.1667,un,0.1667,e,0.3889,è,0.0556,in,0.0556,dove,0.0556,stesso,0.0556,rimane,0.0556
e,la,0.0589,un,0.0143,affascinante,0.0016,il,0.0446,le,0.0414,che,0.0064,di,0.0175,abbraccia,0.0096,l',0.0494,del,0.0032,per,0.0318,quantificare,0.0096,ci,0.0096,misura,0.0096,si,0.0191,in,0.0096,ramificato,0.0096,con,0.0111,applicazioni,0.0096,ogni,0.0016,tecnologico,0.0096,grecia,0.0096,i,0.0271,utilizzavano,0.0096,gli,0.0064,volumi,0.0096,conoscevano,0.0096,nella,0.0096,astratto,0.0096,ai,0.0096,ha,0.0032,altre,0.0096,trigonometria,0.0096,conservazione,0.0111,indiano,0.0096,nuove,0.0016,tecniche,0.0096,arabe,0.0096,alla,0.0096,lo,0.0111,da,0.0127,gottfried,0.0096,scoperte,0.0016,dei,0.0016,non,0.0016,all',0.0096,filosofo,0.0096,noto,0.0096,fisico,0.0096,inventore,0.0096,meccanica,0.0096,astronomo,0.0191,informat,0.0080,utilizzati,0.0096,agire,0.0096,animazioni,0.0096,sulla,0.0016,dal,0.0032,lavoro,0.0096,comportamenti,0.0223,sviluppando,0.0111,anfibi,0.0111,miriapodi,0.0111,sono,0.0111,polpi,0.0111,spesso,0.0111,gigli,0.0111,anemoni,0.0111,prede,0.0111,adattamenti,0.0111,relazioni,0.0111,affascinanti,0.0127,carnivori,0.0111,ospiti,0.0111,contribuiscono,0.0111,promuovere,0.0111,rosa,0.0016,cristallina,0.0016,lucida,0.0016,ascoltò,0.0016,avventure,0.0016,continuò,0.0016,felice,0.0032,su,0.0032,robusto,0.0016,guardò,0.0016,imprevisti,0.0016,vivere,0.0016,ringraziò,0.0016,sapeva,0.0016,respirò,0.0016,sussurrò,0.0016,informatico,0.0016,fantasia,0.0016,concedendo,0.0016,lyra,0.0032,potente,0.0032,risolvono,0.0016,città,0.0016,sfidando,0.0016,finalmente,0.0016,dopo,0.0016,pericoloso,0.0016,determinazione,0.0016,quando,0.0016,oscura,0.0016,malvius,0.0016,piegare,0.0016,sanguinosa,0.0016,costruire,0.0016,gratitudine,0.0016,imprevedibile,0.0016,nuovi,0.0016,tempestosa,0.0016,facendo,0.0016,intensi,0.0016,luminosa,0.0016,tortuoso,0.0016,confuso,0.0016,rassicurante,0.0016,amato,0.0016,ristoratore,0.0016,avventura,0.0016
le,idee,0.0638,prime,0.0638,origini,0.0638,nuove,0.0745,tecniche,0.0638,sue,0.0957,leggi,0.0638,relazioni,0.0745,scimmie,0.0745,piante,0.0745,popolazioni,0.0745,creature,0.0745,sagome,0.0106,acque,0.0106,cadeva,0.0106,chiese,0.0106,illuminò,0.0106,tue,0.0319,nebbie,0.0106,brume,0.0106,porte,0.0106,imposte,0.0106,foglie,0.0106
idee,la,1.0000
è,la,0.0857,un,0.1000,evoluta,0.0857,una,0.3000,ricca,0.0857,multicellulare,0.1000,solo,0.0429,seriamente,0.1000,chronos,0.0143,accompagnata,0.0143,protetta,0.0143,dura,0.0143,dentro,0.0143,ancora,0.0143,pronta,0.0143
che,la,0.0178,il,0.0133,le,0.0089,attraversa,0.0267,ci,0.0267,si,0.0711,ogni,0.0089,prima,0.0267,diede,0.0267,ha,0.0267,applicarono,0.0267,lo,0.0044,non,0.0044,hanno,0.0267,studia,0.0267,vengono,0.0267,consentono,0.0267,possono,0.0578,offre,0.0267,brulicano,0.0311,solcano,0.0311,esistano,0.0311,aumenta,0.0311,questa,0.0044,suddivide,0.0311,comprende,0.0933,include,0.0622,usano,0.0311,significa,0.0311,devono,0.0311,può,0.0044,richiede,0.0311,crescevano,0.0044,echeggiava,0.0044,solcavano,0.0044,riecheggiava,0.0044,sembrava,0.0044,aveva,0.0044,ti,0.0089,veglia,0.0044,nasce,0.0044,brama,0.0044,soddisfi,0.0089,sembravano,0.0044,oscurava,0.0044,filtrava,0.0044,potesse,0.0044
attraversa,migliaia,1.0000
migliaia,di,1.0000
di,un,0.0028,anni,0.0166,numero,0.0332,discipline,0.0166,attività,0.0166,come,0.0166,risolvere,0.0166,aree,0.0166,pitagora,0.0499,svolta,0.0166,altre,0.0194,sistemi,0.0166,nuove,0.0332,relativa,0.0166,una,0.0249,grandi,0.0166,isaac,0.0166,figure,0.0166,tutti,0.0360,gravitazione,0.0166,computer,0.0499,programmi,0.0166,funzionare,0.0166,risorse,0.0166,immagini,0.0194,studio,0.0166,diversità,0.0194,forme,0.0194,sopravvivenza,0.0194,specie,0.0194,mare,0.0776,cnidoblasti,0.0194,adattamenti,0.0194,alcune,0.0028,altri,0.0194,tipo,0.0194,formiche,0.0194,lupi,0.0194,essere,0.0028,fattori,0.0194,habitat,0.0194,arancione,0.0028,sé,0.0055,gioia,0.0028,viaggi,0.0055,avventure,0.0028,pietra,0.0028,pantaloni,0.0028,saggezza,0.0028,mistero,0.0055,sorprese,0.0028,seguire,0.0028,vivere,0.0028,godersi,0.0028,sopra,0.0028,testo,0.0055,qualsiasi,0.0083,aiutarti,0.0028,fantasia,0.0028,nome,0.0028,aprire,0.0028,conoscenza,0.0028,cambiare,0.0028,salvare,0.0028,dare,0.0028,fronte,0.0028,malvius,0.0028,volontà,0.0028,emozioni,0.0055,paura,0.0028,essa,0.0028,trovare,0.0028,legno,0.0028,tè,0.0028,fate,0.0028,draghi,0.0028,maghi,0.0028,principesse,0.0028,energia,0.0028,speranza,0.0028,te,0.0028,realizzare,0.0028
anni,.,0.5000,e,0.5000
abbraccia,culture,1.0000
culture,diverse,1.0000
diverse,raccontandoci,0.5000,altre,0.5000
raccontandoci,l',1.0000
l',evoluzione,0.0359,astronomia,0.0359,ingegneria,0.0359,algebra,0.0719,india,0.0359,utilizzo,0.0359,algoritmica,0.0359,età,0.0359,analisi,0.0359,informatica,0.1796,elaborazione,0.0359,automatica,0.0359,elettronica,0.0359,elettromeccanica,0.0359,udito,0.0419,ambiente,0.0419,equilibrio,0.0060,uomo,0.0599,inquinamento,0.0838,impegno,0.0419,aria,0.0120,avrebbe,0.0120,ombra,0.0060,importante,0.0060,unica,0.0060
evoluzione,che,0.3158,del,0.3158,gli,0.3684
del,viaggio,0.0100,tempo,0.0900,pensiero,0.0600,mondo,0.1200,sapere,0.2400,calcolo,0.0600,xvii,0.0600,moto,0.0600,loro,0.0100,nostro,0.0700,mare,0.0300,rispetto,0.0700,sole,0.0200,salmastro,0.0100,mattino,0.0100,panorama,0.0100,passato,0.0100,presente,0.0100,futuro,0.0100,destino,0.0100,coraggio,0.0100,mio,0.0200
pensiero,umano,0.5000,matematico,0.5000
umano,e,1.0000
suo,viaggio,0.1429,incessante,0.1714,mondo,0.1143,ruolo,0.0286,sviluppo,0.1714,profondo,0.0286,interno,0.0286,consiglio,0.0286,cammino,0.0286,possessore,0.0286,obiettivo,0.0286,popolo,0.0857,volere,0.0286,fianco,0.0286,possesso,0.0286,letto,0.0286
incessante,sforzo,1.0000
sforzo,per,1.0000
per,la,0.3014,un,0.0144,il,0.0718,le,0.0335,l',0.0670,comprendere,0.0287,scopi,0.0287,i,0.0287,risolvere,0.0287,oltre,0.0287,lo,0.0287,questo,0.0048,molte,0.0335,sopravvivere,0.0670,respirare,0.0335,volare,0.0335,proteggersi,0.0335,sfuggire,0.0335,proteggere,0.0383,tutte,0.0335,giorni,0.0048,creare,0.0096,afferrare,0.0048,conquistare,0.0048,aiutarla,0.0048
comprendere,e,1.0000
quantificare,il,1.0000
mondo,.,0.0217,e,0.1739,che,0.1304,di,0.1957,si,0.1304,al,0.0217,islamico,0.2609,dal,0.0435,intero,0.0217
ci,circonda,0.5000,divertiamo,0.5000
circonda,.,1.0000
dalle,prime,0.4615,antiche,0.4615,ombre,0.0769
prime,rudimentali,0.5000,tracce,0.5000
rudimentali,nozioni,1.0000
nozioni,di,1.0000
numero,e,0.6316,che,0.3684
misura,sviluppate,1.0000
sviluppate,dalle,0.5000,continuamente,0.5000
antiche,civiltà,1.0000
civiltà,la,0.5000,mesopotamiche,0.5000
si,è,0.0612,svilupparono,0.0612,sviluppavano,0.0612,fecero,0.0612,occupa,0.0612,stima,0.0714,riflette,0.0714,riproduce,0.0714,intrecciano,0.0714,osservano,0.0714,infrangevano,0.0102,intravedevano,0.0102,fermò,0.0204,perdessero,0.0102,sentiva,0.0204,avvicinò,0.0102,rese,0.0102,faceva,0.0102,sdraiò,0.0204,sentì,0.0204,aprì,0.0102,confonde,0.0102,dissolve,0.0102,stende,0.0102,celano,0.0102,dice,0.0204,arrende,0.0102,lasciano,0.0102,tratta,0.0102,scatena,0.0102,trova,0.0102,trovava,0.0102,diresse,0.0102,avvicinava,0.0102,sedette,0.0102,addormentò,0.0102,svegliò,0.0102,avviò,0.0102
evoluta,in,1.0000
in,un,0.0634,suo,0.0070,ogni,0.0845,algebra,0.0423,geometria,0.0423,india,0.0423,cina,0.0423,altre,0.0423,sistemi,0.0423,europa,0.0423,una,0.0211,questo,0.0141,fisica,0.0423,modo,0.0423,particolare,0.0423,cui,0.0845,continua,0.0423,diversi,0.0493,chitina,0.0493,isolamento,0.0493,modi,0.0493,lontananza,0.0141,pieno,0.0070,qualsiasi,0.0141,mente,0.0211,quella,0.0070
corpo,complesso,0.3000,molle,0.3500,ricoperto,0.3500
complesso,e,1.0000
ramificato,di,1.0000
discipline,.,0.5000,con,0.5000
con,la,0.0957,un,0.0957,il,0.1064,diverse,0.0638,applicazioni,0.0638,i,0.0851,nuove,0.1383,una,0.0106,studiosi,0.0638,lo,0.0638,caratteristiche,0.0745,pennellate,0.0106,sé,0.0106,gioia,0.0106,saggezza,0.0106,passo,0.0213,ingegno,0.0106,tutta,0.0106,gratitudine,0.0106,me,0.0213,trepidazione,0.0106,voce,0.0106
applicazioni,che,0.3333,in,0.6667
ogni,campo,0.4615,angolo,0.2692,attimo,0.0385,passo,0.0769,momento,0.0385,esperienza,0.0385,ostacolo,0.0385,rumore,0.0385
campo,del,1.0000
sapere,.,0.0400,scientifico,0.2400,matematico,0.2400,dalla,0.2400,tra,0.2400
scientifico,e,1.0000
tecnologico,.,1.0000
origini,mesopotamia,1.0000
mesopotamia,egitto,1.0000
egitto,e,1.0000
grecia,le,0.5000,dove,0.5000
tracce,di,1.0000
attività,matematica,1.0000
risalgono,alle,1.0000
alle,civiltà,0.3000,maestose,0.3500,relazioni,0.3500
mesopotamiche,ed,1.0000
ed,egizie,1.0000
egizie,dove,1.0000
dove,la,0.6500,un,0.0500,l',0.0500,si,0.0500,fosse,0.0500,andare,0.0500,alberi,0.0500,poteva,0.0500
era,utilizzata,0.4000,una,0.0667,fresca,0.0667,alto,0.0667,godersi,0.0667,appena,0.1333,ormai,0.0667,densa,0.0667,passata,0.0667
utilizzata,per,1.0000
scopi,pratici,1.0000
pratici,come,1.0000
come,la,0.1687,l',0.1446,per,0.0120,i,0.1566,luca,0.0723,esseri,0.0723,mammiferi,0.0843,chiocciole,0.0843,se,0.0241,quelli,0.0843,cultura,0.0843,fosse,0.0120
contabilità,e,0.5000,l',0.5000
astronomia,e,1.0000
ingegneria,.,1.0000
i,mesopotamici,0.0545,suoi,0.2182,più,0.0545,tempi,0.0545,dati,0.0545,fondamenti,0.0545,phyla,0.0636,mammiferi,0.0636,pesci,0.0636,molluschi,0.0636,cnidari,0.0636,delfini,0.0636,semi,0.0636,capelli,0.0273,misteri,0.0091,rami,0.0091,tuoi,0.0182
mesopotamici,svilupparono,1.0000
svilupparono,un,0.5000,sistemi,0.5000
sistema,numerico,0.5000,assiomatico,0.5000
numerico,sessagesimale,1.0000
sessagesimale,e,1.0000
utilizzavano,l',1.0000
algebra,e,0.5000,per,0.2500,alla,0.2500
risolvere,problemi,1.0000
problemi,geometrici,0.5000,matematici,0.5000
geometrici,.,1.0000
gli,egizi,0.0659,oceani,0.0769,animali,0.4615,uccelli,0.0879,artropodi,0.0769,echinodermi,0.0769,habitat,0.0769,occhi,0.0220,disse,0.0110,offrì,0.0110,raccontò,0.0110,indicò,0.0110,sorrise,0.0110
egizi,invece,1.0000
invece,erano,1.0000
erano,abili,0.4286,impossibili,0.4286,raccolti,0.0714,vividi,0.0714
abili,nel,1.0000
nel,suo,0.0500,calcolo,0.1500,grande,0.0250,corso,0.3250,sottobosco,0.1750,mantenimento,0.1750,cielo,0.0750,cuore,0.0250
calcolo,di,0.3333,infinitesimale,0.6667
aree,e,0.5000,del,0.5000
volumi,e,1.0000
conoscevano,il,1.0000
teorema,di,1.0000
pitagora,.,0.2000,e,0.2000,ben,0.2000,stesso,0.2000,matematico,0.2000
ben,prima,0.4615,definito,0.5385
prima,di,0.3333,erano,0.3333,volta,0.3333
stesso,.,1.0000
punto,di,1.0000
svolta,fondamentale,1.0000
fondamentale,per,0.2400,nel,0.2800,nella,0.4800
nella,storia,0.1765,trasmissione,0.1765,conservazione,0.1765,diversità,0.2059,classificazione,0.2059,sabbia,0.0294,casa,0.0294
avvenne,nell',1.0000
nell',antica,0.4286,ecosistema,0.5000,immaginazione,0.0714
antica,grecia,1.0000
assunse,per,1.0000
volta,un,0.8571,naturale,0.1429
valore,puramente,1.0000
puramente,teorico,1.0000
teorico,e,1.0000
astratto,.,1.0000
suoi,seguaci,0.1875,rapporti,0.1875,elementi,0.1875,contributi,0.1875,capelli,0.0312,occhi,0.0312,compagni,0.0625,amici,0.0625,sogni,0.0312,obiettivi,0.0312
seguaci,fondarono,1.0000
fondarono,la,1.0000
scuola,pitagorica,1.0000
pitagorica,e,0.5000,che,0.5000
diede,grande,1.0000
grande,enfasi,0.8571,schema,0.1429
enfasi,al,1.0000
al,suo,0.3143,concetto,0.1714,modo,0.1714,riciclo,0.2000,massimo,0.0286,sicuro,0.0571,camino,0.0286,piano,0.0286
concetto,di,1.0000
ai,suoi,0.2500,più,0.2500,computer,0.2143,predatori,0.2500,confini,0.0357
rapporti,.,1.0000
euclide,con,0.5000,matematico,0.5000
elementi,codificò,0.5000,un',0.5000
codificò,la,1.0000
geometria,.,0.1429,e,0.1429,euclidea,0.2857,non,0.1429,idrostatica,0.1429,analitica,0.1429
euclidea,.,0.3333,un,0.3333,e,0.3333
assiomatico,che,1.0000
ha,dominato,0.2069,continuato,0.2069,trovato,0.2069,avuto,0.2069,salvato,0.0345,dimostrato,0.0345,imparato,0.0345,scoperto,0.0345,realizzato,0.0345
dominato,il,1.0000
matematico,e,0.2222,per,0.1111,greco,0.2222,filosofo,0.1111,fisico,0.2222,logico,0.1111
oltre,alle,0.3500,duemila,0.3000,1,0.3500
duemila,anni,1.0000
india,la,0.5000,si,0.5000
cina,e,0.5000,si,0.5000
islamico,l',0.0833,mentre,0.4167,giocò,0.5000
mentre,la,0.3000,in,0.3000,altre,0.3500,contemplava,0.0500
greca,fioriva,1.0000
fioriva,anche,1.0000
anche,in,0.4286,questo,0.0714,se,0.5000
altre,discipline,0.1875,aree,0.1875,parti,0.1875,specie,0.2188,possiedono,0.2188
parti,del,0.8571,giovane,0.1429
sviluppavano,importanti,1.0000
importanti,tradizioni,1.0000
tradizioni,matematiche,1.0000
matematiche,.,0.5000,greche,0.5000
sistemi,che,0.2500,numerici,0.2500,elettronici,0.2500,informatici,0.2500
numerici,decimali,1.0000
decimali,e,1.0000
utilizzo,dello,1.0000
dello,zero,1.0000
zero,mentre,1.0000
fecero,progressi,1.0000
progressi,significativi,1.0000
significativi,in,1.0000
trigonometria,.,1.0000
giocò,un,1.0000
ruolo,fondamentale,0.6190,da,0.0476,degli,0.3333
trasmissione,e,1.0000
conservazione,della,0.3500,del,0.3000,purtroppo,0.3500
greco,e,0.2500,fondatore,0.2500,noto,0.2500,autore,0.2500
indiano,contribuendo,1.0000
contribuendo,allo,1.0000
allo,sviluppo,1.0000
sviluppo,.,0.1622,di,0.4865,del,0.1622,sostenibile,0.1892
nuove,teorie,0.1277,scoperte,0.2979,branche,0.1277,tecnologie,0.2553,generazioni,0.1489,avventure,0.0426
teorie,e,1.0000
tecniche,come,0.5000,pratiche,0.5000
algoritmica,.,1.0000
medioevo,e,0.5000,in,0.5000
rinascimento,il,0.5000,segnò,0.5000
europa,fu,1.0000
fu,un,1.0000
periodo,di,1.0000
relativa,stasi,1.0000
stasi,per,1.0000
ma,vide,0.3000,alla,0.0500,interagiscono,0.3500,solo,0.1000,elara,0.1000,proprio,0.0500,sa,0.0500
vide,un,0.1111,comunque,0.6667,una,0.2222
comunque,la,1.0000
traduzione,e,1.0000
diffusione,delle,1.0000
delle,opere,0.1667,risorse,0.1944,meraviglie,0.1944,prede,0.1944,intricate,0.1944,onde,0.0556
opere,matematiche,1.0000
greche,e,1.0000
arabe,.,1.0000
segnò,una,1.0000
una,volta,0.0116,delle,0.0814,rinascita,0.0698,disciplina,0.1395,colonna,0.0814,simmetria,0.0814,straordinaria,0.0814,serie,0.0814,sfida,0.0814,brezza,0.0116,giovane,0.0233,treccia,0.0116,conchiglia,0.0116,camicia,0.0116,meta,0.0116,destinazione,0.0116,nuova,0.0116,palma,0.0116,maga,0.0116,forza,0.0349,figura,0.0116,battaglia,0.0116,vera,0.0116,notte,0.0116,foresta,0.0116,luce,0.0116,luna,0.0116,piccola,0.0116,vecchia,0.0116,tazza,0.0116,stanza,0.0116
rinascita,dell',1.0000
dell',evoluzione,0.1296,interesse,0.1111,età,0.1111,informatica,0.1111,informazione,0.3333,equilibrio,0.1296,oceano,0.0185,universo,0.0370,amicizia,0.0185
interesse,per,1.0000
studiosi,come,1.0000
luca,pacioli,1.0000
pacioli,che,1.0000
applicarono,la,1.0000
alla,contabilità,0.1714,geometria,0.3429,teoria,0.1714,chimica,0.1714,porta,0.0286,fine,0.0286,ricerca,0.0286,chiave,0.0286,prova,0.0286
rivoluzione,scientifica,1.0000
scientifica,e,0.5000,del,0.5000
età,moderna,1.0000
moderna,la,1.0000
xvii,secolo,1.0000
secolo,fu,1.0000
grandi,del,0.3684,sconvolgimenti,0.3158,scienziati,0.3158
sconvolgimenti,per,1.0000
lo,sviluppo,0.5806,sfruttamento,0.2258,guardò,0.0323,so,0.0323,avrebbe,0.0323,faceva,0.0323,attanagliavano,0.0323,condusse,0.0323
infinitesimale,la,0.5000,da,0.5000
da,un,0.2459,una,0.1475,parte,0.0984,affrontare,0.0984,arti,0.1148,spine,0.1148,creature,0.0164,raccontare,0.0164,queste,0.0164,raggiungere,0.0164,seguire,0.0164,due,0.0164,spiriti,0.0164,alberi,0.0164,svolgere,0.0164,potenti,0.0164,eroina,0.0164
parte,di,0.4615,degli,0.5385
isaac,newton,1.0000
newton,e,0.5000,matematico,0.5000
gottfried,wilhelm,1.0000
wilhelm,leibniz,1.0000
leibniz,.,1.0000
questo,viaggio,0.0833,è,0.2500,strumento,0.5000,meraviglioso,0.0833,luogo,0.0833
strumento,rivoluzionario,0.5000,indispensabile,0.5000
rivoluzionario,permise,1.0000
permise,di,1.0000
matematici,complessi,1.0000
complessi,e,0.3500,che,0.3000,come,0.3500
impossibili,da,1.0000
affrontare,nuove,0.1250,aprendo,0.7500,qualsiasi,0.1250
aprendo,la,1.0000
strada,a,0.8571,incontrano,0.1429
a,un,0.1364,nuove,0.2727,svilupparsi,0.1364,sua,0.0227,livello,0.1364,raccogliere,0.0227,camminare,0.0227,lui,0.0227,fondo,0.0227,farmelo,0.0227,creare,0.0227,prove,0.0227,sconfiggere,0.0227,casa,0.0455,condividerla,0.0455,dirotto,0.0227
scoperte,.,0.3333,e,0.0476,in,0.2857,ai,0.0476,scientifiche,0.2857
scientifiche,in,1.0000
fisica,astronomia,0.5000,alla,0.5000
corso,dell',1.0000
continuato,a,1.0000
svilupparsi,in,1.0000
modo,in,0.6667,esponenziale,0.3333
esponenziale,dando,1.0000
dando,il,0.1429,vita,0.8571
vita,il,0.3333,è,0.0476,per,0.0476,a,0.2857,dal,0.2857
branche,come,1.0000
analisi,.,0.5000,complessa,0.5000
complessa,la,1.0000
teoria,dei,1.0000
dei,suoi,0.0189,numeri,0.2264,più,0.1132,campi,0.1132,computer,0.1132,gufi,0.1321,pipistrelli,0.1321,nutrienti,0.1321,fiori,0.0189
numeri,la,0.5000,all',0.5000
non,è,0.0370,si,0.0741,euclidea,0.2222,lo,0.0370,esistono,0.2593,aveva,0.0370,sapendo,0.0370,so,0.0370,c',0.0370,sapeva,0.0370,importava,0.0370,esitare,0.1111,aver,0.0370
astratta,.,1.0000
trovato,la,0.1429,applicazioni,0.8571
dalla,fisica,0.2400,loro,0.0400,presenza,0.5600,marea,0.0400,casa,0.0400,finestra,0.0400,tempesta,0.0400
chimica,dall',1.0000
dall',informatica,1.0000
informatica,la,0.1429,è,0.4286,ha,0.1429,all',0.1429,includono,0.1429
all',algebra,0.1714,analisi,0.1714,economia,0.1714,interno,0.2286,importanza,0.2000,orizzonte,0.0286,orecchio,0.0286
economia,diventando,1.0000
diventando,uno,1.0000
uno,sviluppo,0.3684,strumento,0.3158,dei,0.3158
indispensabile,per,1.0000
comprensione,del,1.0000
tecnologie,.,0.5000,e,0.5000
figure,celebri,1.0000
celebri,della,0.5000,che,0.5000
ricca,di,1.0000
hanno,un,0.1273,una,0.1273,dato,0.1091,sviluppato,0.3818,piume,0.1273,pelo,0.1273
dato,contributi,1.0000
contributi,alla,0.5000,fondamentali,0.5000
fondamentali,al,1.0000
tra,le,0.0566,i,0.2642,cui,0.2453,loro,0.2453,predatori,0.1321,realtà,0.0189,elara,0.0189,questi,0.0189
più,e,0.0204,grandi,0.2653,noti,0.2653,diversi,0.1429,sorprendenti,0.1429,numeroso,0.1429,vicino,0.0204
noti,ricordiamo,0.4615,troviamo,0.5385
ricordiamo,pitagora,1.0000
filosofo,e,0.5000,greco,0.5000
fondatore,della,1.0000
noto,per,1.0000
autore,degli,1.0000
degli,elementi,0.1765,animali,0.4118,ecosistemi,0.4118
un',opera,0.3529,ulteriore,0.4118,aria,0.0588,idea,0.1765
opera,fondamentale,1.0000
archimede,matematico,1.0000
fisico,e,0.6667,francese,0.3333
inventore,greco,1.0000
sue,scoperte,0.6000,abilità,0.1000,parole,0.1000,impronte,0.1000,mani,0.1000
idrostatica,e,1.0000
meccanica,.,1.0000
rené,descartes,1.0000
descartes,matematico,1.0000
francese,considerato,1.0000
considerato,il,0.5000,uno,0.5000
padre,della,1.0000
analitica,.,1.0000
astronomo,inglese,0.5000,tedesco,0.5000
inglese,considerato,1.0000
scienziati,di,1.0000
tutti,.,0.3500,i,0.3000,gli,0.3500
tempi,noto,1.0000
legge,di,1.0000
gravitazione,universale,1.0000
universale,e,1.0000
leggi,del,1.0000
moto,.,1.0000
carl,friedrich,1.0000
friedrich,gauss,1.0000
gauss,matematico,1.0000
tedesco,noto,1.0000
alan,turing,1.0000
turing,matematico,1.0000
logico,e,1.0000
informat,la,1.0000
scienza,che,0.5000,dell',0.5000
informazione,la,0.3333,attraverso,0.3333,l',0.3333
studia,l',0.5000,i,0.5000
elaborazione,dell',1.0000
procedure,automatizzate,1.0000
automatizzate,.,1.0000
occupa,di,1.0000
dati,vengono,1.0000
vengono,sviluppate,0.5000,rappresentati,0.5000
rappresentati,memorizzati,1.0000
memorizzati,trasmessi,1.0000
trasmessi,e,1.0000
utilizzati,.,1.0000
particolare,studia,1.0000
fondamenti,teorici,1.0000
teorici,dell',1.0000
sua,storia,0.0385,computazione,0.2308,implementazione,0.2308,sconvolgente,0.2692,disposizione,0.0385,pace,0.0385,forza,0.0385,magia,0.0385,incrollabile,0.0385,gentilezza,0.0385
computazione,a,1.0000
livello,logico,1.0000
pratiche,per,1.0000
implementazione,in,1.0000
elettronici,automatizzati,1.0000
automatizzati,detti,1.0000
detti,sistemi,1.0000
informatici,.,1.0000
disciplina,affascinante,0.5000,fortemente,0.5000
fortemente,connessa,1.0000
connessa,con,1.0000
cui,la,0.5200,lavoriamo,0.2400,comunichiamo,0.2400
logica,matematica,1.0000
automatica,l',1.0000
elettronica,e,1.0000
elettromeccanica,.,1.0000
alcuni,dei,0.4615,esempi,0.5385
campi,principali,1.0000
principali,dell',1.0000
includono,il,0.1667,architettura,0.8333
architettura,dei,1.0000
computer,.,0.2000,la,0.4000,di,0.2000,tra,0.2000
progettazione,e,1.0000
costruzione,di,1.0000
software,la,1.0000
creazione,di,1.0000
programmi,che,1.0000
consentono,ai,1.0000
funzionare,.,1.0000
reti,che,0.5385,di,0.4615
connessione,di,1.0000
loro,viaggio,0.0175,e,0.1228,per,0.1053,mondo,0.0175,ambienti,0.1228,incredibile,0.1228,ambiente,0.1228,scomparsa,0.1228,declino,0.1228,destinazione,0.0175,massimo,0.0175,sete,0.0175,desiderio,0.0175,forza,0.0175,coraggio,0.0175,lealtà,0.0175
comunicazione,e,1.0000
condivisione,di,1.0000
risorse,.,0.4615,naturali,0.5385
intelligenza,artificiale,1.0000
artificiale,lo,1.0000
possono,pensare,0.3000,formare,0.3500,essere,0.3500
pensare,e,1.0000
agire,come,1.0000
esseri,umani,1.0000
umani,.,1.0000
grafica,computerizzata,1.0000
computerizzata,la,1.0000
immagini,e,0.8571,fantastiche,0.1429
animazioni,realistiche,1.0000
realistiche,.,1.0000
avuto,un,1.0000
impatto,profondo,1.0000
profondo,e,0.1250,sulla,0.7500,desiderio,0.1250
sulla,sua,0.0833,società,0.5000,spiaggia,0.1667,distesa,0.0833,sabbia,0.1667
società,rivoluzionando,1.0000
rivoluzionando,molti,1.0000
molti,aspetti,1.0000
aspetti,della,1.0000
nostra,vita,1.0000
dal,suo,0.0952,modo,0.2857,loro,0.0476,freddo,0.3333,suono,0.0476,cuore,0.0476,calore,0.0476,male,0.0952
lavoriamo,al,1.0000
comunichiamo,e,1.0000
divertiamo,.,1.0000
continua,.,0.2000,evoluzione,0.4000,ad,0.4000
ad,un,0.1176,affrontare,0.1176,evolversi,0.3529,esempio,0.4118
evolversi,a,1.0000
ritmo,rapido,1.0000
rapido,con,1.0000
continuamente,.,1.0000
offre,molte,1.0000
molte,opportunità,0.4615,specie,0.5385
opportunità,di,1.0000
studio,e,1.0000
lavoro,.,1.0000
regno,animale,0.9655,nebbioso,0.0345
animale,un,0.1667,il,0.1429,è,0.3333,in,0.1667,con,0.1667,architettura,0.0238
diversità,della,0.2500,si,0.5000,tutti,0.2500
sconvolgente,varietà,1.0000
varietà,di,1.0000
forme,colori,1.0000
colori,e,1.0000
comportamenti,che,0.5000,rappresenta,0.5000
rappresenta,una,1.0000
meraviglie,più,1.0000
nostro,pianeta,1.0000
pianeta,.,1.0000
dagli,minuscoli,1.0000
minuscoli,insetti,1.0000
insetti,che,0.5000,aracnidi,0.5000
brulicano,nel,1.0000
sottobosco,alle,1.0000
maestose,balene,1.0000
balene,che,1.0000
solcano,gli,1.0000
oceani,gli,1.0000
animali,è,0.1000,come,0.1000,nell',0.1000,non,0.1000,hanno,0.1000,possono,0.1000,popolano,0.1000,conosciute,0.1000,condividono,0.1000,svolgono,0.1000
popolano,ogni,1.0000
angolo,della,1.0000
terra,adattandosi,1.0000
adattandosi,ai,1.0000
diversi,ambienti,0.5000,phyla,0.5000
ambienti,.,0.5000,e,0.5000
sviluppando,strategie,1.0000
strategie,di,1.0000
sopravvivenza,sempre,1.0000
sempre,più,1.0000
sorprendenti,.,1.0000
stima,che,1.0000
esistano,oltre,1.0000
1,5,1.0000
5,milioni,1.0000
milioni,di,1.0000
specie,.,0.2000,e,0.2000,come,0.2000,hanno,0.2000,animali,0.2000
conosciute,un,1.0000
aumenta,costantemente,1.0000
costantemente,con,1.0000
questa,immensa,0.8750,chiave,0.1250
immensa,diversità,1.0000
riflette,nella,1.0000
classificazione,tassonomica,1.0000
tassonomica,che,1.0000
suddivide,il,1.0000
phyla,più,0.5000,ognuno,0.5000
ognuno,con,1.0000
caratteristiche,distintive,0.3333,comuni,0.6667
distintive,.,1.0000
troviamo,cordati,1.0000
cordati,un,1.0000
gruppo,che,1.0000
comprende,animali,0.3333,vertebrati,0.3333,meduse,0.3333
vertebrati,come,1.0000
mammiferi,hanno,0.5000,uccelli,0.5000
uccelli,hanno,0.4667,pesci,0.4667,cantavano,0.0667
pesci,hanno,0.5000,rettili,0.5000
rettili,e,1.0000
anfibi,caratterizzati,1.0000
caratterizzati,da,0.3333,dalla,0.6667
presenza,di,1.0000
colonna,vertebrale,1.0000
vertebrale,.,1.0000
artropodi,il,0.5000,sono,0.5000
phylum,che,0.7500,più,0.2500
numeroso,che,1.0000
include,insetti,0.5000,stelle,0.5000
aracnidi,crostacei,1.0000
crostacei,e,1.0000
miriapodi,.,1.0000
sono,caratterizzati,0.3333,protetti,0.1667,organismi,0.1667,eterotrofi,0.1667,solo,0.1667
esoscheletro,in,1.0000
chitina,e,1.0000
arti,segmentati,1.0000
segmentati,.,1.0000
molluschi,un,0.5000,hanno,0.5000
chiocciole,vongole,1.0000
vongole,calamari,1.0000
calamari,e,1.0000
polpi,.,1.0000
molle,e,1.0000
spesso,sono,1.0000
protetti,da,1.0000
guscio,.,1.0000
echinodermi,un,0.5000,hanno,0.5000
stelle,marine,1.0000
marine,ricci,1.0000
ricci,di,1.0000
mare,.,0.4839,e,0.2581,che,0.0323,rizzi,0.2258
rizzi,di,1.0000
gigli,di,1.0000
simmetria,radiale,1.0000
radiale,e,1.0000
ricoperto,da,1.0000
spine,.,1.0000
cnidari,un,0.5000,sono,0.5000
meduse,coralli,1.0000
coralli,e,1.0000
anemoni,di,1.0000
cnidoblasti,cellule,1.0000
cellule,con,0.5000,urticanti,0.5000
urticanti,che,1.0000
usano,per,1.0000
difesa,e,1.0000
cattura,delle,1.0000
prede,.,0.5000,erbivori,0.5000
comuni,.,0.5000,e,0.5000
adattamenti,un,0.0714,per,0.5000,nonostante,0.4286
nonostante,la,1.0000
incredibile,diversità,1.0000
condividono,alcune,1.0000
alcune,specie,0.4828,caratteristiche,0.2414,eccezioni,0.2414,navi,0.0345
organismi,per,0.5000,eucarioti,0.5000
eucarioti,ovvero,1.0000
ovvero,cellule,1.0000
nucleo,ben,1.0000
definito,e,1.0000
eterotrofi,il,1.0000
significa,che,1.0000
devono,nutrirsi,1.0000
nutrirsi,di,1.0000
altri,organismi,1.0000
sopravvivere,.,0.5000,nei,0.5000
maggior,parte,1.0000
multicellulare,e,1.0000
riproduce,sessualmente,1.0000
sessualmente,anche,1.0000
se,il,0.0833,esistono,0.5833,fosse,0.0833,hai,0.2500
esistono,in,0.5000,alcune,0.5000
eccezioni,.,1.0000
sviluppato,una,0.3333,branchie,0.3333,sensi,0.3333
straordinaria,varietà,1.0000
nei,loro,0.5000,branchi,0.5000
esempio,.,0.1000,di,0.2000,i,0.7000
branchie,per,1.0000
respirare,sott',1.0000
sott',acqua,1.0000
acqua,gli,1.0000
piume,per,1.0000
volare,e,1.0000
pelo,per,1.0000
proteggersi,dal,1.0000
freddo,.,1.0000
sensi,acuti,1.0000
acuti,come,1.0000
vista,notturna,1.0000
notturna,dei,1.0000
gufi,o,1.0000
o,il,0.3043,l',0.3043,come,0.0435,nei,0.3043,cosa,0.0435
udito,ultrasensibile,1.0000
ultrasensibile,dei,1.0000
pipistrelli,mentre,1.0000
possiedono,abilità,1.0000
abilità,e,0.1250,mimetiche,0.8750
mimetiche,eccezionali,1.0000
eccezionali,per,1.0000
sfuggire,ai,1.0000
predatori,.,0.5000,e,0.5000
interazioni,e,1.0000
relazioni,di,0.3333,gli,0.3333,tra,0.3333
isolamento,ma,1.0000
interagiscono,tra,1.0000
ambiente,e,0.5000,in,0.5000
modi,complessi,1.0000
affascinanti,.,0.8750,ognuno,0.1250
erbivori,e,1.0000
carnivori,parassiti,1.0000
parassiti,e,1.0000
ospiti,sono,1.0000
solo,un,0.3077,di,0.0769,dalla,0.0769,alcuni,0.5385
esempi,delle,1.0000
intricate,reti,1.0000
intrecciano,all',1.0000
interno,della,0.1111,un,0.1111,degli,0.7778
ecosistemi,.,1.0000
tipo,alimentare,1.0000
alimentare,gli,1.0000
formare,legami,1.0000
legami,sociali,1.0000
sociali,complessi,1.0000
quelli,che,1.0000
osservano,nelle,1.0000
nelle,sue,0.1250,colonie,0.8750
colonie,di,1.0000
formiche,o,1.0000
branchi,di,1.0000
lupi,.,1.0000
delfini,e,1.0000
scimmie,dimostrano,1.0000
dimostrano,persino,1.0000
persino,capacità,1.0000
capacità,cognitive,1.0000
cognitive,avanzate,1.0000
avanzate,e,1.0000
essere,una,0.1111,considerati,0.7778,enigmatico,0.1111
considerati,come,1.0000
cultura,.,1.0000
ecosistema,gli,1.0000
svolgono,un,1.0000
mantenimento,dell',1.0000
equilibrio,nel,0.1111,dell',0.1111,degli,0.7778
impollinano,le,1.0000
piante,disperdono,1.0000
disperdono,i,1.0000
semi,controllano,1.0000
controllano,le,1.0000
popolazioni,di,1.0000
contribuiscono,al,1.0000
riciclo,dei,1.0000
nutrienti,.,1.0000
scomparsa,o,1.0000
declino,può,1.0000
può,avere,0.7778,finalmente,0.1111,contare,0.1111
avere,conseguenze,1.0000
conseguenze,gravi,1.0000
gravi,per,1.0000
uomo,la,0.0833,per,0.0833,stesso,0.5833,seduto,0.0833,annuì,0.0833,giaceva,0.0833
minacce,e,1.0000
purtroppo,la,1.0000
biodiversità,animale,1.0000
seriamente,minacciata,1.0000
minacciata,da,1.0000
serie,di,1.0000
fattori,tra,1.0000
perdita,di,1.0000
habitat,l',0.5000,naturali,0.5000
inquinamento,il,0.5000,e,0.5000
cambiamento,climatico,1.0000
climatico,e,1.0000
sfruttamento,eccessivo,1.0000
eccessivo,delle,1.0000
naturali,.,0.5000,ridurre,0.5000
caccia,e,1.0000
bracconaggio,rappresentano,1.0000
rappresentano,un',1.0000
ulteriore,minaccia,1.0000
minaccia,per,1.0000
sfida,urgente,0.8750,sapendo,0.1250
urgente,che,1.0000
richiede,l',1.0000
impegno,di,1.0000
È,necessario,0.8750,spinta,0.1250
necessario,adottare,1.0000
adottare,misure,1.0000
misure,concrete,1.0000
concrete,per,1.0000
proteggere,la,0.1250,gli,0.8750
ridurre,l',1.0000
promuovere,uno,1.0000
sostenibile,.,1.0000
dobbiamo,inoltre,1.0000
inoltre,educare,1.0000
educare,le,1.0000
generazioni,all',1.0000
importanza,del,1.0000
rispetto,per,1.0000
natura,e,1.0000
tutte,le,1.0000
creature,viventi,0.7000,fantastiche,0.1000,mostruose,0.1000,feroci,0.1000
viventi,.,1.0000
conclusione,il,1.0000
parole,la,0.5000,casuali,0.5000
casuali,il,1.0000
sole,e,0.4000,era,0.2000,sorgeva,0.2000,splendeva,0.2000
sorgeva,all',1.0000
orizzonte,dipingendo,1.0000
dipingendo,il,1.0000
cielo,.,0.3333,e,0.1667,con,0.1667,lanciando,0.1667,azzurro,0.1667
pennellate,di,1.0000
arancione,e,1.0000
rosa,.,1.0000
aria,di,0.3333,era,0.6667
fresca,e,1.0000
cristallina,profumata,1.0000
profumata,del,1.0000
salmastro,del,1.0000
fiori,selvatici,1.0000
selvatici,che,1.0000
crescevano,lungo,1.0000
lungo,la,0.6667,un,0.1667,e,0.1667
costa,.,1.0000
brezza,leggera,1.0000
leggera,soffiava,1.0000
soffiava,tra,1.0000
capelli,portando,0.2500,biondi,0.2500,neri,0.2500,bianchi,0.2500
portando,con,1.0000
sé,.,0.3333,il,0.3333,e,0.3333
suono,del,0.2500,delle,0.5000,misterioso,0.2500
onde,.,0.5000,che,0.5000
infrangevano,sulla,1.0000
spiaggia,.,0.2500,con,0.2500,una,0.2500,lasciando,0.2500
gabbiano,solitario,1.0000
solitario,volava,1.0000
volava,alto,1.0000
alto,e,0.2500,nel,0.7500
lanciando,un,1.0000
grido,acuto,1.0000
acuto,che,1.0000
echeggiava,sulla,1.0000
distesa,sconfinata,1.0000
sconfinata,dell',1.0000
oceano,.,1.0000
lontananza,.,0.5000,si,0.5000
intravedevano,le,1.0000
sagome,di,1.0000
navi,bianche,1.0000
bianche,che,1.0000
solcavano,le,1.0000
acque,calme,1.0000
calme,del,1.0000
mattino,.,1.0000
giovane,si,0.1818,uomo,0.0909,donna,0.3636,camminava,0.0909,annuì,0.0909,entrò,0.0909,ascoltava,0.0909
donna,di,0.1250,per,0.1250,si,0.1250,con,0.1250,gli,0.1250,lo,0.1250,camminava,0.1250,?,0.1250
camminava,scalza,0.5000,lentamente,0.5000
scalza,sulla,1.0000
sabbia,.,0.2500,del,0.2500,dorata,0.2500,bagnata,0.2500
dorata,.,1.0000
biondi,erano,1.0000
raccolti,in,1.0000
treccia,che,1.0000
cadeva,sulle,1.0000
sulle,spalle,1.0000
spalle,e,1.0000
occhi,e,0.6667,azzurri,0.3333
azzurri,brillavano,1.0000
brillavano,di,1.0000
gioia,e,0.5000,mentre,0.5000
contemplava,la,1.0000
bellezza,del,1.0000
panorama,che,1.0000
circondava,.,1.0000
fermò,per,0.5000,sotto,0.5000
attimo,la,0.4000,e,0.2000,a,0.2000,poi,0.2000
raccogliere,una,1.0000
conchiglia,liscia,1.0000
liscia,e,1.0000
lucida,come,1.0000
perla,.,1.0000
portò,all',1.0000
orecchio,e,1.0000
ascoltò,il,1.0000
riecheggiava,al,1.0000
misterioso,e,1.0000
sembrava,raccontare,1.0000
raccontare,e,0.5000,storie,0.5000
storie,di,1.0000
viaggi,e,0.5000,lontani,0.5000
lontani,e,1.0000
avventure,.,0.5000,e,0.2500,emozionanti,0.2500
emozionanti,.,1.0000
continuò,il,0.5000,a,0.5000
camminare,lungo,1.0000
lasciando,che,1.0000
impronte,si,1.0000
perdessero,nella,1.0000
bagnata,dalla,1.0000
marea,.,1.0000
sentiva,al,0.5000,libera,0.5000
libera,e,1.0000
felice,.,0.3333,di,0.3333,come,0.3333
intero,fosse,1.0000
fosse,a,0.2500,o,0.2500,finalmente,0.2500,arrivato,0.2500
disposizione,.,1.0000
tratto,vide,1.0000
seduto,su,1.0000
su,un,0.2500,qualsiasi,0.7500
masso,di,1.0000
pietra,.,1.0000
robusto,con,1.0000
neri,arruffati,1.0000
arruffati,e,1.0000
barba,lunga,1.0000
lunga,.,1.0000
indossava,una,1.0000
camicia,bianca,1.0000
bianca,lisa,1.0000
lisa,e,1.0000
paio,di,1.0000
pantaloni,marroni,1.0000
marroni,consumati,1.0000
consumati,.,1.0000
aveva,trovato,0.2500,un',0.2500,ragione,0.2500,bisogno,0.2500
saggezza,.,0.5000,e,0.5000
mistero,e,0.5000,che,0.5000
incuriosiva,.,1.0000
avvicinò,a,1.0000
lui,con,1.0000
passo,l',0.2500,lo,0.2500,incerto,0.5000
incerto,non,0.5000,sperando,0.5000
sapendo,che,0.5000,cosa,0.5000
cosa,dire,0.3333,ti,0.3333,fare,0.3333
dire,.,1.0000
guardò,il,0.3333,con,0.6667
sorriso,le,0.3333,gentile,0.6667
gentile,.,0.5000,e,0.5000
chiese,cosa,1.0000
ti,porta,0.3333,trasporti,0.6667
porta,attraverso,0.2500,si,0.2500,con,0.2500,da,0.2500
queste,parti,1.0000
?,.,1.0000
lei,gli,0.5000,esitò,0.5000
esitò,per,1.0000
poi,rispose,1.0000
rispose,non,1.0000
so,.,0.5000,dove,0.5000
ho,vagato,1.0000
vagato,per,1.0000
giorni,senza,1.0000
senza,meta,0.5000,fine,0.5000
meta,seguendo,0.5000,precisa,0.5000
seguendo,il,1.0000
richiamo,del,1.0000
adesso,mi,1.0000
mi,trovo,1.0000
trovo,qui,1.0000
qui,e,0.3333,tra,0.3333,troverai,0.3333
andare,o,1.0000
fare,.,1.0000
annuì,con,1.0000
fine,pieno,0.5000,elara,0.5000
pieno,.,0.3333,di,0.6667
sorprese,e,1.0000
imprevisti,.,1.0000
c',è,1.0000
destinazione,la,0.5000,precisa,0.5000
precisa,in,0.3333,ma,0.3333,da,0.3333
raggiungere,ma,1.0000
percorso,da,1.0000
seguire,con,0.5000,i,0.5000
cuore,.,0.2500,aperto,0.5000,puro,0.2500
aperto,.,1.0000
colpirono,in,1.0000
rese,conto,1.0000
conto,che,1.0000
ragione,.,1.0000
bisogno,di,1.0000
vivere,ogni,1.0000
momento,.,0.5000,al,0.5000
massimo,e,0.5000,per,0.5000
godersi,la,0.5000,ogni,0.5000
ringraziò,la,0.5000,l',0.5000
consiglio,e,1.0000
cammino,lungo,1.0000
nuova,consapevolezza,1.0000
consapevolezza,nel,1.0000
sapeva,che,0.7500,dove,0.2500
appena,iniziato,1.0000
iniziato,e,1.0000
avrebbe,portata,0.3333,portato,0.6667
portata,verso,1.0000
verso,la,0.2500,il,0.2500,di,0.2500,nuove,0.2500
ormai,alto,1.0000
caldo,e,0.5000,si,0.5000
faceva,sentire,0.5000,sobbalzare,0.5000
sentire,.,1.0000
sotto,la,0.5000,l',0.5000
ombra,di,1.0000
palma,e,1.0000
sdraiò,e,0.5000,sulla,0.5000
chiuse,gli,1.0000
respirò,a,1.0000
fondo,lasciandosi,1.0000
lasciandosi,avvolgere,1.0000
avvolgere,dal,1.0000
calore,del,1.0000
sentì,pieno,0.5000,improvvisamente,0.5000
improvvisamente,serena,1.0000
serena,e,1.0000
pace,interiore,1.0000
interiore,e,0.5000,che,0.5000
importava,dove,1.0000
portato,il,0.5000,sempre,0.5000
perché,l',1.0000
importante,era,1.0000
esperienza,con,1.0000
aprì,gli,0.5000,lentamente,0.5000
azzurro,sopra,1.0000
sopra,e,0.5000,di,0.5000
illuminò,il,1.0000
viso,e,0.5000,rugoso,0.5000
sussurrò,grazie,1.0000
grazie,vita,1.0000
meraviglioso,viaggio,1.0000
testo,che,0.2857,su,0.1429,casuale,0.2857,perfetto,0.1429,precedente,0.1429
casuale,.,1.0000
posso,generare,1.0000
generare,testo,0.3333,testi,0.6667
qualsiasi,sfida,0.1111,momento,0.1111,argomento,0.3333,stile,0.1111,lunghezza,0.3333
argomento,.,0.6667,in,0.3333
stile,e,1.0000
lunghezza,.,0.3333,e,0.6667
hai,un',1.0000
idea,precisa,0.3333,specifica,0.6667
mente,non,1.0000
esitare,a,1.0000
farmelo,sapere,1.0000
sarò,felice,1.0000
aiutarti,a,1.0000
creare,un,0.6667,il,0.3333
perfetto,per,1.0000
tue,esigenze,1.0000
esigenze,.,0.3333,e,0.6667
informatico,un,1.0000
sogno,e,0.5000,lucido,0.5000
lucido,tra,1.0000
realtà,e,0.5000,si,0.5000
fantasia,e,0.5000,tra,0.5000
nebbie,del,1.0000
racconto,di,1.0000
confini,del,1.0000
memoria,si,1.0000
confonde,con,1.0000
dissolve,nell',1.0000
immaginazione,si,1.0000
stende,un,1.0000
nebbioso,chiamato,1.0000
chiamato,chronos,1.0000
chronos,.,0.3333,il,0.3333,mette,0.3333
brume,eterne,1.0000
eterne,vivono,1.0000
vivono,creature,1.0000
fantastiche,e,1.0000
celano,segreti,1.0000
segreti,millenari,0.5000,antichi,0.5000
millenari,.,1.0000
luogo,magico,0.5000,leggendario,0.5000
magico,una,1.0000
nome,elara,1.0000
elara,e,0.2857,è,0.1429,ha,0.0714,non,0.0714,può,0.0714,intraprende,0.0714,sta,0.0714,combatte,0.0714,trionfa,0.0714,torna,0.0714
intraprende,un,1.0000
straordinario,alla,1.0000
ricerca,di,1.0000
artefatto,perduto,1.0000
perduto,la,1.0000
chiave,.,0.1111,e,0.1111,del,0.4444,per,0.1111,una,0.1111,abbia,0.1111
dice,che,0.5000,sia,0.5000
abbia,il,1.0000
potere,della,0.5000,di,0.5000
aprire,le,1.0000
porte,del,1.0000
passato,del,1.0000
presente,e,1.0000
futuro,svelando,0.3333,migliore,0.6667
svelando,i,1.0000
misteri,dell',1.0000
universo,.,0.5000,e,0.5000
concedendo,al,1.0000
possessore,il,1.0000
dominio,sul,1.0000
sul,tempo,1.0000
accompagnata,in,1.0000
due,fedeli,1.0000
fedeli,compagni,1.0000
compagni,kael,0.3333,sottoponendoli,0.3333,raggiungono,0.3333
kael,un,0.5000,e,0.5000
valoroso,cavaliere,1.0000
cavaliere,dal,1.0000
puro,e,1.0000
lyra,una,0.5000,combattono,0.5000
maga,saggia,1.0000
saggia,e,1.0000
potente,.,0.3333,e,0.3333,che,0.3333
insieme,affrontano,1.0000
affrontano,pericoli,1.0000
pericoli,innumerevoli,0.5000,potrebbero,0.5000
innumerevoli,combattono,1.0000
combattono,al,0.5000,creature,0.5000
mostruose,e,1.0000
risolvono,enigmi,1.0000
enigmi,intricati,1.0000
intricati,guidati,1.0000
guidati,solo,1.0000
sete,di,1.0000
conoscenza,e,1.0000
desiderio,di,1.0000
cambiare,il,1.0000
destino,.,0.5000,del,0.5000
li,porta,1.0000
lande,desolate,1.0000
desolate,popolate,1.0000
popolate,da,1.0000
spiriti,inquieti,1.0000
inquieti,foreste,1.0000
foreste,incantate,1.0000
incantate,dove,1.0000
alberi,.,0.3333,secolari,0.3333,altissimi,0.3333
secolari,sussurrano,1.0000
sussurrano,segreti,1.0000
antichi,e,1.0000
città,perdute,1.0000
perdute,sepolte,1.0000
sepolte,sotto,1.0000
incontrano,personaggi,1.0000
personaggi,c',0.5000,stravaganti,0.5000
stravaganti,e,1.0000
svolgere,nel,1.0000
schema,del,1.0000
questi,personaggi,1.0000
guardiano,del,1.0000
enigmatico,e,1.0000
veglia,sull',1.0000
sull',equilibrio,0.5000,aiuto,0.5000
mette,alla,1.0000
prova,elara,1.0000
sottoponendoli,a,1.0000
prove,difficili,1.0000
difficili,e,1.0000
sfidando,la,1.0000
forza,il,0.1429,che,0.2857,di,0.1429,interiore,0.1429,potente,0.1429,utilizzando,0.1429
coraggio,.,0.3333,e,0.6667
lealtà,.,1.0000
arrende,mai,1.0000
mai,.,1.0000
spinta,da,1.0000
guida,verso,1.0000
obiettivo,una,1.0000
nasce,dal,1.0000
salvare,il,1.0000
dare,un,1.0000
migliore,per,0.5000,al,0.5000
popolo,.,1.0000
finalmente,la,0.2000,dopo,0.2000,giungono,0.2000,riportare,0.2000,tornato,0.2000
dopo,un,1.0000
pericoloso,elara,1.0000
raggiungono,la,1.0000
cripta,è,0.5000,del,0.5000
leggendario,dove,1.0000
sia,nascosta,1.0000
nascosta,la,1.0000
protetta,da,1.0000
potenti,incantesimi,1.0000
incantesimi,e,1.0000
feroci,ma,1.0000
amici,e,0.5000,non,0.5000
lasciano,intimorire,1.0000
intimorire,.,1.0000
ingegno,coraggio,1.0000
determinazione,superano,1.0000
superano,ogni,1.0000
ostacolo,e,1.0000
giungono,di,1.0000
fronte,alla,1.0000
proprio,quando,1.0000
quando,si,0.3333,elara,0.3333,finalmente,0.3333
sta,per,1.0000
afferrare,la,1.0000
figura,oscura,1.0000
oscura,emerge,0.5000,circondato,0.5000
emerge,dalle,1.0000
ombre,.,1.0000
tratta,di,1.0000
malvius,.,0.5000,un,0.2500,viene,0.2500
mago,malvagio,1.0000
malvagio,che,1.0000
brama,il,1.0000
conquistare,il,1.0000
piegare,il,1.0000
volere,.,1.0000
battaglia,è,0.5000,epica,0.5000
epica,si,1.0000
scatena,tra,1.0000
combatte,con,1.0000
tutta,la,1.0000
utilizzando,le,1.0000
magia,per,1.0000
male,.,0.5000,e,0.5000
fianco,dando,1.0000
aiutarla,a,1.0000
sconfiggere,malvius,1.0000
dura,e,1.0000
sanguinosa,ma,1.0000
trionfa,.,1.0000
viene,sconfitto,1.0000
sconfitto,e,1.0000
rimane,al,1.0000
sicuro,e,0.5000,nelle,0.5000
mani,.,1.0000
salvato,il,1.0000
dimostrato,di,1.0000
vera,eroina,0.5000,casa,0.5000
eroina,.,0.5000,accolta,0.5000
possesso,elara,1.0000
riportare,l',1.0000
costruire,un,1.0000
imparato,molto,1.0000
molto,durante,1.0000
durante,il,1.0000
scoperto,la,1.0000
trova,dentro,1.0000
dentro,di,1.0000
realizzato,il,1.0000
vero,significato,1.0000
significato,dell',1.0000
amicizia,e,1.0000
torna,a,1.0000
casa,.,0.1667,un,0.1667,e,0.3333,è,0.1667,da,0.1667
accolta,con,1.0000
gratitudine,e,0.5000,dal,0.5000
sa,che,1.0000
ancora,finito,1.0000
finito,.,1.0000
imprevedibile,e,1.0000
nuovi,pericoli,1.0000
potrebbero,sorgere,1.0000
sorgere,in,1.0000
pronta,ad,1.0000
contare,sull',1.0000
aiuto,dei,1.0000
incrollabile,forza,1.0000
volontà,.,1.0000
testi,di,1.0000
specifica,in,1.0000
condividerla,con,1.0000
me,.,1.0000
farò,del,1.0000
mio,meglio,1.0000
meglio,per,1.0000
soddisfi,le,1.0000
trasporti,in,1.0000
emozioni,.,0.5000,sconvolgenti,0.5000
notte,buia,1.0000
buia,e,1.0000
tempestosa,.,1.0000
vento,ululava,1.0000
ululava,fuori,1.0000
fuori,dalla,1.0000
finestra,scuotendo,1.0000
scuotendo,le,1.0000
imposte,e,1.0000
facendo,cadere,1.0000
cadere,la,1.0000
pioggia,a,1.0000
dirotto,.,1.0000
giaceva,addormentato,1.0000
addormentato,nel,1.0000
letto,.,0.5000,dove,0.5000
sogni,e,0.5000,erano,0.5000
vividi,e,1.0000
intensi,pieni,1.0000
pieni,di,1.0000
sconvolgenti,.,1.0000
trovava,in,1.0000
foresta,fitta,0.5000,pronto,0.5000
fitta,e,1.0000
circondato,da,1.0000
altissimi,che,1.0000
sembravano,toccare,1.0000
toccare,il,1.0000
rami,intrecciati,1.0000
intrecciati,creavano,1.0000
creavano,una,1.0000
naturale,che,1.0000
oscurava,la,1.0000
luce,del,0.3333,si,0.3333,in,0.3333
unica,illuminazione,1.0000
illuminazione,proveniva,1.0000
proveniva,da,1.0000
luna,piena,1.0000
piena,e,1.0000
luminosa,che,1.0000
filtrava,tra,1.0000
foglie,.,1.0000
lentamente,.,0.5000,lungo,0.5000
sentiero,stretto,1.0000
stretto,e,1.0000
tortuoso,sentendosi,1.0000
sentendosi,smarrito,1.0000
smarrito,e,1.0000
confuso,.,1.0000
arrivato,lì,1.0000
lì,.,1.0000
densa,di,1.0000
paura,e,0.6667,di,0.3333
rumore,lo,1.0000
sobbalzare,.,1.0000
diresse,verso,1.0000
essa,con,1.0000
sperando,di,1.0000
trovare,qualcuno,1.0000
qualcuno,che,1.0000
potesse,aiutarlo,1.0000
aiutarlo,.,1.0000
avvicinava,sempre,1.0000
raggiunse,vide,1.0000
piccola,casetta,1.0000
casetta,di,0.5000,come,0.5000
legno,circondata,1.0000
circondata,da,1.0000
giardino,fiorito,1.0000
fiorito,.,1.0000
bussò,alla,1.0000
trepidazione,e,1.0000
vecchia,donna,1.0000
bianchi,e,1.0000
rugoso,lo,1.0000
entra,figliolo,1.0000
figliolo,che,0.5000,disse,0.5000
disse,con,0.5000,ricorda,0.5000
voce,calda,1.0000
calda,e,1.0000
rassicurante,.,1.0000
troverai,riparo,1.0000
riparo,dalla,1.0000
tempesta,.,0.5000,era,0.5000
entrò,nella,1.0000
sedette,vicino,1.0000
vicino,al,0.5000,ai,0.5000
camino,dove,1.0000
fuoco,scoppiettava,1.0000
scoppiettava,allegramente,1.0000
allegramente,.,0.5000,sugli,0.5000
offrì,una,1.0000
tazza,di,1.0000
tè,caldo,1.0000
raccontò,storie,1.0000
fate,e,1.0000
draghi,di,1.0000
maghi,e,1.0000
principesse,.,1.0000
ascoltava,affascinato,1.0000
affascinato,dimenticando,1.0000
dimenticando,per,1.0000
confusione,che,1.0000
attanagliavano,.,1.0000
amato,in,1.0000
quella,piccola,1.0000
tornato,a,1.0000
po',la,1.0000
condusse,in,1.0000
stanza,al,1.0000
piano,di,1.0000
indicò,un,1.0000
poteva,riposare,1.0000
riposare,.,1.0000
addormentò,subito,1.0000
subito,sprofondando,1.0000
sprofondando,in,1.0000
sonno,profondo,1.0000
ristoratore,.,1.0000
svegliò,il,1.0000
splendeva,alto,1.0000
passata,e,1.0000
cantavano,allegramente,1.0000
sugli,alberi,1.0000
energia,e,1.0000
speranza,.,1.0000
uscì,dalla,1.0000
gentilezza,.,1.0000
sorrise,e,1.0000
ricorda,figliolo,1.0000
tua,vera,1.0000
te,.,1.0000
aver,paura,1.0000
tuoi,sogni,0.5000,desideri,0.5000
realizzare,i,1.0000
desideri,.,1.0000
avviò,verso,1.0000
pronto,ad,1.0000
obiettivi,.,1.0000
precedente,questo,1.0000
avventura,.,1.0000